timestamp,text,ticker
2024-01-02T14:30:00Z,Credit spreads tighten as investors turn optimistic on corporate earnings.,LQD
2024-01-02T15:10:00Z,High-yield bond market under pressure amid growing default concerns.,HYG
2024-01-02T20:45:00Z,Calmer tone in credit markets as central bank hints at slower rate hikes.,LQD
2024-01-03T09:05:00Z,Government bond yields fall after dovish comments from the central bank.,IEF
2024-01-03T10:15:00Z,Analysts see limited upside for risky credit as recession fears persist.,HYG
2024-01-03T16:40:00Z,Investor appetite for investment-grade corporate bonds improves.,LQD
2024-01-04T13:25:00Z,Credit markets shrug off earlier volatility; spreads remain stable.,LQD
2024-01-04T15:50:00Z,"Ratings agency upgrades several high-yield issuers, citing stronger fundamentals.",HYG
2024-01-05T09:20:00Z,Flight to safety pushes government bond prices higher.,IEF
2024-01-05T11:35:00Z,Corporate default rate remains contained despite tighter financial conditions.,HYG
